image_name,count,good,bad
10_jpg.rf.68d670df25366d01dca18deedf56bc3c.jpg,1,0,1
11_jpg.rf.50feaeb57e01f1ef9d04d924a6ba98d9.jpg,1,1,0
13_jpg.rf.2ccaffad9248bd83bf5eb0da42da54ed.jpg,1,0,1
14_jpg.rf.03dd7bc5946e5bee2ca71d168e195915.jpg,1,0,1
16_jpg.rf.d836e6666a957c9403a9cb19de0e8b0d.jpg,1,0,1
17_jpg.rf.33ce27bd1b1c76e38217c0c3039a7e21.jpg,1,0,1
19_jpg.rf.a9e175a04b96b7527f05493357312fe8.jpg,1,1,0
1_jpg.rf.fa59ed5fe8618afcfeb0e02f93809852.jpg,1,1,0
20220510_102518_jpg.rf.f59cd145c6b20c7fa2cba5631fc77071.jpg,49,0,49
20220510_102718_jpg.rf.4f1a44de73e58c93d865ccb48230079f.jpg,49,0,49
20220510_103345_jpg.rf.a70a3bfc4886dbc0fd53476d664e8018.jpg,51,0,51
20220510_103646_jpg.rf.4a83856108e5241de0929ffd59b5ff7b.jpg,50,0,50
20220510_103739_jpg.rf.8e4bf1e9d71a2cba765b279ebc363cea.jpg,49,0,49
20220510_103808_jpg.rf.35074a3fc8bae1baa0f86243f076c609.jpg,50,0,50
20220510_104908_jpg.rf.3e42b312089c909483a145db21a9dab5.jpg,46,0,46
20220510_104909_jpg.rf.864d9c799d8ce08c3eb72cc73d723a83.jpg,46,0,46
20220510_104933_jpg.rf.56707c9d9c82916ac8924611e42d5f32.jpg,49,0,49
20220510_105050_jpg.rf.d2f17015a523b288e3341dfeea3025e5.jpg,49,0,49
20220510_105127_jpg.rf.b2883a6522af1b13f0f694afc10f3b8b.jpg,45,0,45
20220510_105143_jpg.rf.9d73bb22321f8dd474a393fd3fc8439f.jpg,46,0,46
20220510_110714_jpg.rf.a87f742a456f0afcf9d018d3cb87a73f.jpg,51,0,51
20220510_111052_jpg.rf.5e56e033ec38f2eec9177f2085bbe4a2.jpg,50,0,50
20220510_111114_jpg.rf.89344ac82f4c7a73142c8a436bf8bce1.jpg,50,0,50
20220510_111132_jpg.rf.d2bc4b77d20f462584a264a92cddf7b7.jpg,49,0,49
20220601_115323_jpg.rf.00da0aa879f733d00357672cbe0a4432.jpg,32,32,0
20220601_115844_jpg.rf.b5dfa3421ec747e1961d55527bcc11e6.jpg,30,30,0
20220601_120018_jpg.rf.0ecd81ab9134fb0bd0952899d6fe164d.jpg,30,30,0
20220601_120225_jpg.rf.c3ad9da32ee6aeaafda5167fb80af8c2.jpg,31,31,0
20220601_120444_jpg.rf.4927ba9168f75e11e7c6b1cb35a92327.jpg,30,30,0
20220601_120600_jpg.rf.a600331874044777cb197b764eaf1a86.jpg,30,30,0
20220601_120731_jpg.rf.01a994b96c49267d62b5f9a7e656eef6.jpg,30,30,0
20220601_120858_jpg.rf.c1096734ac13c1ac13a93282b843c8b1.jpg,30,30,0
20220601_121004_jpg.rf.cc51f8f97a166772c7e9d9dd4b7fb8f3.jpg,30,30,0
20220601_121050_jpg.rf.68e3a4fb889103fa3542570db8dd2393.jpg,30,30,0
20220601_121358_jpg.rf.28ed33c1a91c8b800ed7404c40a64b20.jpg,30,30,0
20220601_121801_jpg.rf.88944a40ca2a8c527c22ee44aa71291d.jpg,30,0,30
20220601_125107_jpg.rf.66070de19a67a9cb8299966fb65f53f5.jpg,30,0,30
20220601_125206_jpg.rf.ef1711960778649f889c37a5ca649622.jpg,30,0,30
20220601_125303_jpg.rf.26032451469c7cbb2274efa118d892ba.jpg,30,0,30
20220601_125327_jpg.rf.620aa0055b64d109866f186653e9cff9.jpg,30,0,30
20220601_151734_jpg.rf.8a0016e2fd933f7e6a8f3f8850575ae0.jpg,30,30,0
20220601_151817_jpg.rf.0a6db2217256ac46bb1eff63c589f5f8.jpg,31,31,0
20220601_151856_jpg.rf.4fef59f9970df98e22bbf9765b2c6330.jpg,30,30,0
20220601_152044_jpg.rf.72b3ec8e86cf15e92e4b1a9140770578.jpg,30,30,0
20220601_152124_jpg.rf.87074b8f649d1578e9da5ddba2e62631.jpg,30,30,0
20220601_152157_jpg.rf.68a16e6f892f2e604de37c3523c646a2.jpg,30,0,30
20220601_152218_jpg.rf.b98cf0c8dfbd852935ff7aaebb3d9211.jpg,30,30,0
20220601_153035_jpg.rf.b39e929452294638a55401ab7b71f180.jpg,30,0,30
20220601_153048_jpg.rf.6c40379579cfc97698206182dc320043.jpg,30,0,30
20220601_153104_jpg.rf.6708d40ad4d220337f779f2b098255cc.jpg,30,0,30
20220601_153118_jpg.rf.26fe09b83eab1cb5a0525240139abe52.jpg,30,0,30
20220601_153133_jpg.rf.209076e6edddbc8d43939805ff67dc1f.jpg,30,0,30
20220601_153227_jpg.rf.cbe2fe3e81de1213ea1f2725ea6de372.jpg,30,0,30
20220601_153255_jpg.rf.b0175fddf469fdbc6e8796044c70fdb1.jpg,30,0,30
20220715_173604_jpg.rf.7a77d469fdb0bc6e70af029a1e9a0c10.jpg,128,0,128
20220716_110748_jpg.rf.c5f46d0ad9fe7c84b960cdea3f117009.jpg,125,0,125
20220716_110802_jpg.rf.434520186d9b0f72373ba99eba0a6692.jpg,123,0,123
20220720_151259_jpg.rf.34e94b6ee7eec112117b19a4d8b63410.jpg,60,0,60
20220720_151334_jpg.rf.95b513604a23dc24e135aeaa14f7aaea.jpg,62,0,62
20220720_151405_jpg.rf.16db19645e095caf5c6f07388d86d470.jpg,62,0,62
20220720_151541_jpg.rf.6788bcf688f2f7f37b0bf7d17c74a0a1.jpg,60,0,60
20220720_151614_jpg.rf.2c65b8e964faf6b84fc220b629e2dbe3.jpg,60,0,60
20220720_151633_jpg.rf.0bcdcbf314b535169403dd63ee48f7aa.jpg,60,0,60
20220720_151739_jpg.rf.095e96eb7430b14b4c0a436968014f6b.jpg,61,0,61
20220720_153717_jpg.rf.9c97cf7421c20a7b0b6a89c0f6d10036.jpg,60,60,0
20220720_153757_jpg.rf.d09956efb27cea4efeb046fbc376f23b.jpg,60,0,60
20220720_153817_jpg.rf.2e42fb0185e25c40279d8b75a22786f7.jpg,60,0,60
20220720_154255_jpg.rf.060372bc7265059f2e4a1355832e3eac.jpg,62,0,62
20220720_154313_jpg.rf.8d14a0b2dbe09ad9cde035836f4c51c3.jpg,62,0,62
20220720_154325_jpg.rf.41c79259993a224a475c6b4393d5371b.jpg,61,0,61
20220720_154339_jpg.rf.23b64dd9b4f48ba291503c96432cbc74.jpg,61,0,61
20220720_154710_jpg.rf.626e23be2cbdd1a1b511c5ba0b2188d6.jpg,66,0,66
20220720_163001_jpg.rf.cf9adc4214f6fb7f1166e9c88b14455b.jpg,30,30,0
20220720_163012_jpg.rf.b1b452c53cf013f4a1e1c38b842ae287.jpg,30,30,0
20220720_163039_jpg.rf.1923acb802d884ac327b71a48629c81f.jpg,30,0,30
20220720_163050_jpg.rf.b55d48bc60d6ba3fb4f833419dfee062.jpg,32,0,32
20220720_163117_jpg.rf.0b33df7c142889a2def03d1c0439e794.jpg,31,0,31
20220720_163138_jpg.rf.c0555977ad09a6b60752be65c19393cd.jpg,30,0,30
20220720_163200_jpg.rf.71a51a502254dde6f1e132d380498937.jpg,30,0,30
20220720_163212_jpg.rf.b39edf12902e10f1b54ac9f3cd8cf977.jpg,30,0,30
20220720_163225_jpg.rf.cddf82670a1c49df8f2e04ee4693b1d9.jpg,30,0,30
20220720_163237_jpg.rf.035935b791888b364016ab4fe3c6e947.jpg,30,0,30
20220720_163258_jpg.rf.4a8f2fa5b930a959a9b1f22629221a3d.jpg,32,0,32
20220720_163312_jpg.rf.74c27b4d23ec873569d9065bf8ad52dd.jpg,30,0,30
20220720_163326_jpg.rf.b4324ff14f883a852b41d3ce1041bcaf.jpg,30,0,30
20220720_163340_jpg.rf.0652143009867f8bc6a1e4fb44666a85.jpg,30,0,30
20220818_143644-jpg_jpg.rf.df69fdde1351ff32402d887f16f83187.jpg,179,117,62
20220818_143651-jpg_jpg.rf.0bc8b55c94a45b5146d659933a312944.jpg,179,126,53
20220818_143658-jpg_jpg.rf.a46a3c62591c7bdc5cd4cbabfc0fb390.jpg,183,129,54
20220818_143703-jpg_jpg.rf.ca7f2fbf6c7c4bc0e3e02990f7ba68f7.jpg,175,121,54
20220818_143710-jpg_jpg.rf.773ac9afd49aec417cc037b9c7f04f6b.jpg,174,118,56
20220818_143921-jpg_jpg.rf.a7b6c33ca5ea948353ab5d98e069c8d8.jpg,177,121,56
20220818_143931-jpg_jpg.rf.c3bdc38216bd4b9483758db8c947106b.jpg,178,112,66
20220818_143940-jpg_jpg.rf.9b9ff032902e9c59da72e0e520234acb.jpg,187,131,56
20220818_144007-jpg_jpg.rf.90f77a462f3a8f3632b1a604d8deb206.jpg,177,118,59
20220818_150100-jpg_jpg.rf.792e9bf100d8f4eca8f1e92b7cf322ea.jpg,181,107,74
20220818_150107-jpg_jpg.rf.dfaf7a6b162b8d0f4ab15b523f26c91b.jpg,185,125,60
20220818_150121-jpg_jpg.rf.68c2916ed3485dda8565aee98ae59844.jpg,175,113,62
20220818_150415-jpg_jpg.rf.f84d3a430afe15b23c117764bcf74d6c.jpg,186,126,60
20220818_150422-jpg_jpg.rf.60b549c8fc8161a30852ba7d4abc395c.jpg,178,112,66
20220818_152828-jpg_jpg.rf.2ae6a6409bd1dd4f076664d7e284e3e6.jpg,181,121,60
20220818_152843-jpg_jpg.rf.321f59079dacf9964a29dfc613d060b2.jpg,186,131,55
20220818_152856-jpg_jpg.rf.537740effcedd166c17c91f8b5f1045e.jpg,175,117,58
20220818_153046-jpg_jpg.rf.2158ecc763898ab8ae1d8f43ba5546d6.jpg,181,126,55
20220818_153051-jpg_jpg.rf.38141725d73809ce6a1e04e4755465e1.jpg,177,114,63
20220818_153058-jpg_jpg.rf.77454000b7faa82ffa95a77ffff5e2fe.jpg,185,125,60
20_jpg.rf.d24260246e9a931ab1a8594e033f8fc7.jpg,1,1,0
21_jpg.rf.30be9b396d56e4f6d09532210699d94e.jpg,1,1,0
23_jpg.rf.c9be897159c9ca4ac13e043d11e3eaa6.jpg,1,1,0
25_jpg.rf.34251e15e89299b7d1054945173ccd52.jpg,1,1,0
27_jpg.rf.7bef42d069b5767d05608f1430e5ae2e.jpg,1,1,0
28_jpg.rf.c71e1426c62153ee3929a749b5e084c6.jpg,1,1,0
29_jpg.rf.1da03008bce761d7e56bad4b7dd9b2f2.jpg,1,1,0
2_jpg.rf.b5b78d31c442d90da2466f5e85adf985.jpg,1,0,1
30_jpg.rf.959b058b9f543e0b763dfa42397dfc7c.jpg,1,0,1
3_jpg.rf.abbaf5d9b020603687c884f4e001c468.jpg,1,0,1
4_jpg.rf.536a8e9b84e97b898431868e74447d95.jpg,1,1,0
5_jpg.rf.3839e69b9276024406fecf42077f8e6f.jpg,1,0,1
7_jpg.rf.4d0a9074bd400683aac1edc03e0a80e8.jpg,1,1,0
8_jpg.rf.a2dd9b1a5afa23e727e0411d53e0e40a.jpg,1,0,1
DSC_0056_JPG.rf.231ecde9b1881f3fb11b151b606b5f2b.jpg,14,0,14
DSC_0058_JPG.rf.b710dfcc463c2d88cd9e6932ab9a7cd6.jpg,45,0,45
DSC_0061_JPG.rf.8fa48efbddd2c3f4e0d457350af288de.jpg,14,1,13
DSC_0062_JPG.rf.f093195f4650cd2e92005da794827019.jpg,40,0,40
DSC_0064_JPG.rf.1118ab39d4ad1317a5107680bcb4e43b.jpg,40,0,40
DSC_0064_JPG.rf.63774fb0536b8a99d4c7ebf108a79011.jpg,20,20,0
DSC_0064_JPG_jpg.rf.14d1e286378e02b79bcab93bd6def86e.jpg,36,0,36
DSC_0064_JPG_jpg.rf.73bf0bf0fd9c0ed0c3c510d36f3a577e.jpg,36,0,36
DSC_0065_JPG.rf.2c438f9f75d656e9ed8c52ca3b57f272.jpg,20,20,0
DSC_0065_JPG.rf.6c0f4cc55085d5525284a1df9e47946c.jpg,30,0,30
DSC_0065_JPG.rf.dbae94bfe5250ce484bbf0f199b574c7.jpg,30,0,30
DSC_0065_JPG.rf.fdeb6b27f4d0455bfe5e9579e56cbf37.jpg,41,0,41
DSC_0065_JPG_jpg.rf.43e2027beab1d30db2ebd2dac5bf0325.jpg,36,0,36
DSC_0066_JPG.rf.24073c2e001c1fd3cbdae00a74ea5f26.jpg,35,0,35
DSC_0066_JPG.rf.4b4c6a00b8deadc279b340a61ba110ce.jpg,25,0,25
DSC_0066_JPG_jpg.rf.d3482727b414661d4b574ef5bb056c81.jpg,29,1,28
DSC_0067_JPG_jpg.rf.6d5387a8fffc8bc2e10d4f9efced4bf7.jpg,29,1,28
DSC_0068_JPG.rf.0afb7b557d4cb45bbcfa38040dbad5b2.jpg,27,0,27
DSC_0068_JPG.rf.27f4ed8eb7eb7a2c0f3059752d137912.jpg,34,0,34
DSC_0068_JPG.rf.2a3a9a2343ca77aef48a43e0e164878e.jpg,31,0,31
DSC_0068_JPG_jpg.rf.a92f360a9023ce2fcff42722bfc72194.jpg,27,0,27
DSC_0069_JPG.rf.1d88790dc61b19d8ae86df3bab24235e.jpg,12,12,0
DSC_0069_JPG.rf.23f6cf667ca57b99cf90691cc6c0c7ec.jpg,20,20,0
DSC_0069_JPG.rf.a66212b47459643bb1d84b79bd623c52.jpg,34,0,34
DSC_0071_JPG.rf.ddbe26d661e2b085d088e0d1a12e6c9f.jpg,26,0,26
DSC_0072_JPG.rf.7ceb6c76d20316db2eaa689924706b68.jpg,30,0,30
DSC_0072_JPG.rf.c494317e50be4b3eb5f9260ee78f66bc.jpg,31,0,31
DSC_0072_JPG_jpg.rf.a62a994c49dd6a1f906833a369d7323c.jpg,31,0,31
DSC_0073_JPG.rf.03981a5cd9ada52adb75132cc70aecf3.jpg,31,0,31
DSC_0073_JPG.rf.ee37ea797f125b875eb5652151022ef1.jpg,20,20,0
DSC_0073_JPG.rf.ef401f83616261f9de315e78754a8326.jpg,28,0,28
IMG_20220502_154147_jpg.rf.a436030d4288ecd6e48ea571d1216230.jpg,107,40,67
IMG_20220502_154850_jpg.rf.66a2d89f0aa4326ca2d13feb7e295b7e.jpg,97,41,56
IMG_20220502_155454_jpg.rf.4e8eae690699d643a9becd7523894577.jpg,100,41,59
IMG_20220502_161510_jpg.rf.f7bcb4518663f5ea5485282092ad7494.jpg,100,42,58
IMG_20220601_105018_jpg.rf.ca1994e0284ec6c08bc24134812e98e9.jpg,30,30,0
IMG_20220601_105058_jpg.rf.eb55c54045d98204db55f7d7f66b25ab.jpg,30,30,0
IMG_20220601_105307_jpg.rf.aa5cb1687d1395c96fdedfdd275441ba.jpg,30,30,0
IMG_20220601_105343_jpg.rf.d94d729ba013ef2fff33d19132f17ec7.jpg,30,30,0
IMG_20220601_105507_jpg.rf.24ce655226218e705cd216406caeda80.jpg,30,30,0
IMG_20220601_105540_jpg.rf.bb5a6f053f763045cfe05e2868bd3481.jpg,30,30,0
IMG_20220601_105540_jpg.rf.da5c32f8d31fe032c8244a148aebe41e.jpg,30,30,0
IMG_20220601_105625_jpg.rf.8af15cc633ba4377b1e5fcd82f3495af.jpg,30,30,0
IMG_20220601_105740_jpg.rf.8ffe711af8d9bad1fea802e45c5a395b.jpg,30,30,0
IMG_20220601_105909_jpg.rf.1dfff2960988602a88fe2c42af381e19.jpg,30,30,0
IMG_20220601_110030_jpg.rf.e305cb6a35fb4147bcf82ba9783bef8d.jpg,30,30,0
IMG_20220601_110111_jpg.rf.a2a52f98c5ad763b03f5c32fd5acd9f1.jpg,30,30,0
IMG_20220601_110146_jpg.rf.d3c00ff97fbe389ecd9ccc1afafb5b9a.jpg,30,30,0
IMG_20220601_110218_jpg.rf.8db776ae6f80d13fd24342ea1595c12f.jpg,30,30,0
IMG_20220601_110355_jpg.rf.5aa1ac6de46e024b5e030960efe16f5e.jpg,30,30,0
IMG_20220601_110355_jpg.rf.ce7d7377df37d6c0f7e04f3d6ca4846c.jpg,30,30,0
IMG_20220601_110426_jpg.rf.c805fb305cd96913960abb5fc64eda9c.jpg,30,30,0
IMG_20220601_110459_jpg.rf.2d54f6a8e05c12b772e39f3413b0996f.jpg,30,30,0
IMG_20220601_110551_jpg.rf.9fc3786d40db3803d7c6cd524b41c5b7.jpg,30,30,0
IMG_20220601_110746_jpg.rf.9f7b1fa189646ed91b6ecde611e3ef51.jpg,30,30,0
IMG_20220601_110818_jpg.rf.0ae9ca36a2ba3e81a9ad3500084431c4.jpg,30,30,0
IMG_20220601_110818_jpg.rf.4c453dcefcc97ddfd4e6eee66e6b461c.jpg,30,30,0
IMG_20220601_110849_jpg.rf.69d46c6ebfa2a424b3af6ae52b868e1f.jpg,30,30,0
IMG_20220601_110917_jpg.rf.b4a86927c0a7b1f7867780daf746bbe2.jpg,30,30,0
IMG_20220601_110917_jpg.rf.f7939504b805fae7c194b374cf1ce10e.jpg,30,30,0
IMG_20220601_111108_jpg.rf.1d6a14b81ca79ef30952b304595a5b92.jpg,30,0,30
IMG_20220601_111140_jpg.rf.3beb540e0865df57af8b42dfa29abf06.jpg,30,0,30
IMG_20220601_111220_jpg.rf.5ab4ad842d92d0d94063d40903f03be7.jpg,30,0,30
IMG_20220601_111302_jpg.rf.e1a7b762c15aba640bb311138a8f2a77.jpg,31,0,31
IMG_20220601_111332_jpg.rf.d4de29113c87e6077af4f3e39c09294c.jpg,30,0,30
IMG_20220601_111413_jpg.rf.c593444269e71e1a5cec9653c239408e.jpg,30,0,30
IMG_20220601_111521_jpg.rf.a2f2aaddc175a422efb02a227815b308.jpg,30,0,30
IMG_20220601_111549_jpg.rf.9960dafd58ed105f081dbd358d826bb9.jpg,30,0,30
IMG_20220601_111615_jpg.rf.9dd87d98a13f51c1b9e70b90d185c569.jpg,31,0,31
IMG_20220601_111830_jpg.rf.5e332c26dbde756390e29168421200a2.jpg,30,0,30
IMG_20220601_111907_jpg.rf.d534766c458d22721b65f558f1852b40.jpg,30,0,30
IMG_20220601_112015_jpg.rf.03eb1a44a0f94d9da9f97c3dc6d3c0f6.jpg,30,0,30
IMG_20220601_112051_jpg.rf.a0709ea0e05b80cf38a4f169b5ed1a26.jpg,29,0,29
IMG_20220601_112230_jpg.rf.e303fad557cf80330a3da2b269a38148.jpg,30,0,30
IMG_20220601_112252_jpg.rf.092b02cd6e11ca639db58dc1860e629b.jpg,30,0,30
IMG_20220601_112424_jpg.rf.6563197336d51d39b8bc76fff8b56d0a.jpg,30,0,30
IMG_20220601_112540_jpg.rf.f8fdde71cb6a1d44609d8d60c07d7e7e.jpg,32,0,32
IMG_20220601_112802_jpg.rf.d63d8ead488f45f2f94bac3732e0475d.jpg,30,0,30
IMG_20220601_112837_jpg.rf.4c2fec8d3dcdfab85a0effadf467fd4f.jpg,31,0,31
IMG_20220601_112935_jpg.rf.7e489a236282cae9695cf12ae3802d07.jpg,30,0,30
IMG_20220601_113150_jpg.rf.30cb1db9da138f62366e6229b8ffd2ed.jpg,30,0,30
IMG_20220601_113212_jpg.rf.039f70cc06cd37bac014456dcf79f5b5.jpg,30,0,30
IMG_20220601_113240_jpg.rf.e24277eab4c94a1eb799979aa94b2880.jpg,30,0,30
IMG_20220601_113357_jpg.rf.1bfaf3b736382d6ac88cde297f541c44.jpg,30,0,30
IMG_20220601_113357_jpg.rf.e3c1a3d0b3dc04785f27461a48e8fd86.jpg,30,0,30
IMG_20220601_113419_jpg.rf.122af63ab7795f3c9a7d4c96407ef4b2.jpg,30,0,30
IMG_20220601_113453_jpg.rf.151bf90576378ec1897d4820b7ee0e8c.jpg,30,0,30
IMG_20220601_113453_jpg.rf.3449a55c0976e0c88ffc026b75224320.jpg,30,0,30
IMG_20220601_113513_jpg.rf.4ad610f1c01edd66e12a8e7516a6a3f5.jpg,30,0,30
IMG_20220601_113535_jpg.rf.4581712e603cace86c858673b0896371.jpg,32,0,32
IMG_20220601_113632_jpg.rf.444ab9253522a4cb2aea22e20a1ea3fe.jpg,31,0,31
IMG_20220601_113657_jpg.rf.59634adbecf6def954c03323c878d2f5.jpg,30,4,26
IMG_20220601_113756_jpg.rf.4505c56990a869a002b59f107b266751.jpg,30,0,30
IMG_20220601_125823_jpg.rf.aecf31837b53803308a9da04302d864c.jpg,30,0,30
IMG_20220601_125834_jpg.rf.1fc6b6cade01eb685cfd401f6ad92ee8.jpg,30,0,30
IMG_20220601_125840_jpg.rf.5dc0a1caf25f12193843f988b4dc19c3.jpg,30,0,30
IMG_20220601_125925_jpg.rf.50fcb033f5bf25f6b825e291a5c327d7.jpg,30,0,30
IMG_20220601_125942_jpg.rf.8cfb19221cceb0f3187edcf86c227237.jpg,29,0,29
IMG_20220601_125952_jpg.rf.e428602671dce22d412ae562b7596ff7.jpg,30,0,30
IMG_20220601_145734_jpg.rf.6f5fe1fe9fcc763651d3ad8a3b2da73b.jpg,30,30,0
IMG_20220601_145744_jpg.rf.03f78006732ef3a0f6f9c9a0111af174.jpg,30,30,0
IMG_20220601_145803_jpg.rf.d057c36eaa9b937e59176945d49b1291.jpg,30,30,0
IMG_20220601_145900_jpg.rf.4153b1b77c4131acf86c953bfe09561a.jpg,30,30,0
IMG_20220601_145947_jpg.rf.c8b79a2f149872ef2577714098d6b160.jpg,30,30,0
IMG_20220601_145956_jpg.rf.7e0a49917380ae38777d2368d8692dcc.jpg,30,30,0
IMG_20220601_150008_jpg.rf.5a99962d794bda0a0b6ce289176f924d.jpg,30,30,0
IMG_20220601_150030_jpg.rf.12ff5581325ba5550b304110dbee96fa.jpg,30,30,0
IMG_20220601_150045_jpg.rf.630b2f3542131a21d0e13e85935888e5.jpg,30,30,0
IMG_20220601_150058_jpg.rf.314bc4c4c073ff3b5d95be66ba453c72.jpg,30,30,0
IMG_20220601_150111_jpg.rf.708b5fad9a9ce46c819d22e96e3c4afd.jpg,30,30,0
IMG_20220601_150119_jpg.rf.b62c8edf14ab99229c1f5b9399576264.jpg,30,30,0
IMG_20220601_150138_jpg.rf.afda3954dc1638520d75fe7ed1981923.jpg,30,30,0
IMG_20220601_150200_jpg.rf.85f2b6500d14b5647afaf35068ea7f24.jpg,29,29,0
IMG_20220601_150256_jpg.rf.542bf0bcf2a6ab54c29359b90eb29184.jpg,30,30,0
IMG_20220601_150305_jpg.rf.714ae3510a6028dc36bc056fc890b8cf.jpg,30,30,0
IMG_20220601_150326_jpg.rf.da2c2c61de68c5669812ccb57e1308c0.jpg,30,0,30
IMG_20220601_150337_jpg.rf.9fc0b90af984abd6f742c16b1c641780.jpg,29,0,29
IMG_20220601_150349_jpg.rf.0691c51e60ee6bd043ad34ed725e1152.jpg,30,0,30
IMG_20220601_150400_jpg.rf.cd4ae3c7050331eefb3dccdad815daff.jpg,30,0,30
IMG_20220601_150409_jpg.rf.95206a0bf6dedc2478bc197ce26b6687.jpg,30,0,30
IMG_20220601_150418_jpg.rf.f79c726eb17e67ed37037d1100634507.jpg,30,0,30
IMG_20220601_150431_jpg.rf.a5b110301037ab8d868c4274fd2bcac1.jpg,30,0,30
IMG_20220601_150441_jpg.rf.74ee3aa8cbea3ae5b0cceda4c4157c51.jpg,30,0,30
IMG_20220601_150449_jpg.rf.d49c78d5569818db5a2afb148e68c1a5.jpg,30,0,30
IMG_20220601_150458_jpg.rf.903e441571f7ce1df7bc88b3d746e65a.jpg,30,0,30
IMG_20220601_150519_jpg.rf.a1178a95a4a57864f5eb927275c6bed7.jpg,30,0,30
IMG_20220601_150527_jpg.rf.e7507d491366c385da59b079be343178.jpg,30,0,30
IMG_20220601_150536_jpg.rf.5e7facda43706116849c88f449ea5ee2.jpg,30,0,30
IMG_20220601_150545_jpg.rf.d07df3f9c187763cecc1246fd4d4b395.jpg,30,0,30
IMG_20220601_150557_jpg.rf.d345e77655d0327fea107d8162883bca.jpg,27,0,27
IMG_20220601_150642_jpg.rf.a16881747877cfa731bb32e540b73488.jpg,30,0,30
IMG_20220601_150650_jpg.rf.08c836a6a0f3fdc4dd31260b5a2002e9.jpg,29,0,29
IMG_20220601_150758_jpg.rf.2ee8605299940957400f8abc747bc068.jpg,30,0,30
IMG_20220601_150825_jpg.rf.2989962fe50dc2500cc1fa792ff63b7a.jpg,30,0,30
IMG_20220601_150947_jpg.rf.9506e3086c61743bb2a8551137a5781d.jpg,29,0,29
IMG_20220601_150959_jpg.rf.060e2360f13b744d8d790d9de7b1fc32.jpg,29,0,29
IMG_20220601_151016_jpg.rf.a7a4782db7d4345e0575fe1912723228.jpg,30,0,30
IMG_20220601_151112_jpg.rf.34d5bcddb1bf9433d018ea7eb3b2fcc0.jpg,30,0,30
IMG_20220601_151129_jpg.rf.62a6546e2fb67dba76bb043a2c4e61a5.jpg,30,0,30
IMG_20220601_151136_jpg.rf.787e7d1985c8d44d6ad3ce271191f273.jpg,30,0,30
IMG_20220601_151148_jpg.rf.58724a0b7c7b0c306f50acd532f36a13.jpg,30,0,30
IMG_20220601_151246_jpg.rf.87d13f391ad266340326e7436a2be2c6.jpg,30,0,30
IMG_20220601_151301_jpg.rf.773d5fc31a79f0f56a5b907630bf0885.jpg,32,0,32
IMG_20220601_151301_jpg.rf.c2a004f1efb94e53c8280d004e8c1b12.jpg,32,0,32
IMG_20220601_151317_jpg.rf.ab73f09711735567fb03a659c2ba43e8.jpg,30,0,30
IMG_20220601_151338_jpg.rf.40d3a285c4d1fb339aba7c84a4e04fdc.jpg,30,0,30
IMG_20220601_151338_jpg.rf.d35d40a99208611c312d021494a15ada.jpg,30,0,30
IMG_20220601_151353_jpg.rf.f6c045ee76cb64702e2ece99bd63bec2.jpg,29,0,29
IMG_20220601_151401_jpg.rf.da1c9cec6b7684b17a70d0e84a52cbb0.jpg,30,0,30
IMG_20220601_151434_jpg.rf.a2ddaa4ca89b57f1affb8fdcf38fa7c5.jpg,30,0,30
IMG_20220601_151508_jpg.rf.cf2ae15880aecd9c33db7fd36af33d68.jpg,30,0,30
IMG_20220715_153237_jpg.rf.6051aed96c41407d6e42c397252fa7df.jpg,124,0,124
IMG_20220715_153243_jpg.rf.149319259e65697a636381ad3661b6c6.jpg,124,0,124
IMG_20220716_111112_jpg.rf.b95b3751300a6e889e2a391c75491b2f.jpg,124,0,124
IMG_20220720_143952_jpg.rf.109aa5ed2e79d8782d8c9de51d6de4f0.jpg,60,0,60
IMG_20220720_144046_jpg.rf.832243f2328aefa726a1cd4a53534ffc.jpg,62,0,62
IMG_20220720_144139_jpg.rf.7857776f8a0decb2ad7eb192053eef9d.jpg,60,0,60
IMG_20220720_144225_jpg.rf.69558f87b95f47c81ed2bf6c13f1ca52.jpg,60,0,60
IMG_20220720_144250_jpg.rf.101b61ab189bfb869f618b54fdb8dfea.jpg,60,0,60
IMG_20220720_144306_jpg.rf.9c41f616584a7bf4aab43574e933f64a.jpg,63,0,63
IMG_20220720_144338_jpg.rf.6ad45671d4c65804cb146287ea312309.jpg,65,0,65
IMG_20220720_144348_jpg.rf.4f22bbbbca71febc75ca9a5167d1b277.jpg,60,0,60
IMG_20220720_144414_jpg.rf.86fab8581a1c319e7d04138a5316ef3a.jpg,61,0,61
IMG_20220720_144602_jpg.rf.fc71723b210c331746c1fd770f99567d.jpg,60,60,0
IMG_20220720_144628_jpg.rf.eb95ac420837cfd1ea80bbbdfdd402ee.jpg,60,60,0
IMG_20220720_144800_jpg.rf.50f59fd777d02961d394b0248f81f0eb.jpg,62,0,62
IMG_20220720_144949_jpg.rf.791ab944e9a7b289dee1f82d1add961d.jpg,60,0,60
IMG_20220720_145033_jpg.rf.8c83ef59eea3ef93ca25f1b09cc09372.jpg,60,0,60
IMG_20220720_145041_jpg.rf.691bbcbb4cc9e7fc1d0bdcde1a366d59.jpg,65,0,65
IMG_20220720_145104_jpg.rf.24813c6a75bd097c7b03780948fabca0.jpg,62,0,62
IMG_20220720_145131_jpg.rf.420136926f75999e7b32793cbb5b36d2.jpg,60,0,60
IMG_20220720_163427_jpg.rf.f2862ab4f4814f504ca480d53e023a16.jpg,30,30,0
IMG_20220720_163504_jpg.rf.5c142358362f11afb67e3f398773e2de.jpg,30,0,30
IMG_20220720_163517_jpg.rf.56c02c7e30dd36e4ee61e267a609ee96.jpg,30,0,30
IMG_20220720_163547_jpg.rf.9ab1ce952a60447e4a45c417077de35f.jpg,32,0,32
IMG_20220720_163607_jpg.rf.149f0db0827a259c3b83641fdb87a109.jpg,30,0,30
IMG_20220720_163652_jpg.rf.d16c39ec83ce38b06c2aa893d51b0c36.jpg,30,0,30
IMG_20220720_163714_jpg.rf.6577ad242fb30d4726eed3dbcec45d79.jpg,30,0,30
IMG_20220720_163757_jpg.rf.64e00568a4a48b001abb43f799cb870a.jpg,30,0,30
IMG_20220720_163834_jpg.rf.d87771632c33f98b6d175fe899a2631c.jpg,32,0,32
IMG_20220720_163853_jpg.rf.917925e4eef060a090403c3d05634513.jpg,31,0,31
IMG_20220720_163911_jpg.rf.600e79f79d2e78d6a8884760c63bed3a.jpg,31,0,31
IMG_20220818_144300-jpg_jpg.rf.ffb3ce523b0f5f115605a8e8f172bf4b.jpg,177,118,59
IMG_20220818_144317-jpg_jpg.rf.17e1315d31d65191dc63593b085d9478.jpg,185,125,60
IMG_20220818_144704-jpg_jpg.rf.9fe3aff496f4c564c1e1b185aa12a61a.jpg,178,129,49
IMG_20220818_144712-jpg_jpg.rf.e67512fefcdc91e8077132baddbb7635.jpg,177,125,52
IMG_20220818_144718-jpg_jpg.rf.1f12ee222f01c8ad82842e41c6330870.jpg,185,131,54
IMG_20220818_144806-jpg_jpg.rf.a43508cf1bd17e830a4515b3bbdd4458.jpg,177,128,49
IMG_20220818_150958-jpg_jpg.rf.fc0aa4210527851b1000f581cb1abacf.jpg,179,106,73
IMG_20220818_151006-jpg_jpg.rf.10bb5c5ef39813f60dc868a66e00efe9.jpg,187,129,58
IMG_20220818_151014-jpg_jpg.rf.678b09ed088f7518277f0cefcf9dba92.jpg,178,110,68
IMG_20220818_151248-jpg_jpg.rf.4338787b26d1ed2299c0d19bd8032f6a.jpg,180,125,55
IMG_20220818_151254-jpg_jpg.rf.20767fda5daee52425f4dedf374d2098.jpg,178,112,66
IMG_20220818_151301-jpg_jpg.rf.5dbb4027aadaa2cbe6fc3063c0d70e11.jpg,188,126,62
IMG_20220818_151308-jpg_jpg.rf.a4cfc858ae2eb35aad647d3d597873a8.jpg,178,115,63
IMG_20220818_151314-jpg_jpg.rf.d57c92883aeb889f6b61903df12803eb.jpg,177,119,58
IMG_20220818_152226-jpg_jpg.rf.fed03aa8cdf8febcaee7a3a6c96f801d.jpg,186,130,56
IMG_20220818_152236-jpg_jpg.rf.d919fac317a2c40ba85564e4feb0fe92.jpg,177,119,58
IMG_20220818_152245-jpg_jpg.rf.a699b62e63b5720a8a6dcac947c1741c.jpg,175,120,55
IMG_20220818_152518-jpg_jpg.rf.1df1ffbf859b45290b0fbae9beda8a3f.jpg,188,126,62
IMG_20220818_152531-jpg_jpg.rf.6cb4cb856fa470d127683c6f5012b1f7.jpg,178,119,59
IMG_5166_JPG_jpg.rf.2a05a2dea835b6756ccccb81bec864d3.jpg,30,30,0
IMG_5167_JPG_jpg.rf.1831bee30251a7f1886f48fb6cb16dff.jpg,30,30,0
IMG_5167_JPG_jpg.rf.daf962d59912ac1ea394a9416ad18472.jpg,30,30,0
IMG_5170_JPG_jpg.rf.3cfa1afc723774ce964fd2e0ab0d3541.jpg,30,30,0
IMG_5170_JPG_jpg.rf.5054b0f8249e8fa2856fc9c967d83b90.jpg,30,30,0
IMG_5171_JPG_jpg.rf.536bd59b330142601ffabf4621ce3afc.jpg,30,30,0
IMG_5171_JPG_jpg.rf.d0377bb3b0690f25d45a7ae346abe4fb.jpg,30,30,0
IMG_5172_JPG_jpg.rf.bc790f914fd9be0bebaa6dd29a2a22b8.jpg,30,30,0
IMG_5172_JPG_jpg.rf.bd962cbba22780c9507f87596908838b.jpg,30,30,0
IMG_5173_JPG_jpg.rf.11c4467570486facbe8b7207c8cfed89.jpg,30,30,0
IMG_5174_JPG_jpg.rf.b5ab194b68b3816b326c1f0e688d65e3.jpg,30,30,0
IMG_5175_JPG_jpg.rf.eed1d5b074f87161b284e8d6ace7222e.jpg,30,30,0
IMG_5177_JPG_jpg.rf.446803237d7869f3d8fb370a21811d43.jpg,30,30,0
IMG_5177_JPG_jpg.rf.a348c9cb76f1da0b93641eae3ac63dde.jpg,30,30,0
IMG_5178_JPG_jpg.rf.066ce242902ac1b7781329281ac7d5a5.jpg,30,30,0
IMG_5178_JPG_jpg.rf.1b92c8ee9276449fa439934d85a1da21.jpg,30,30,0
IMG_5180_JPG_jpg.rf.31527f7987efef1ec8b8bf130b7aa2b5.jpg,30,30,0
IMG_5180_JPG_jpg.rf.44ce01f6dcd092288c7b8aeaaa53caeb.jpg,30,30,0
IMG_5181_JPG_jpg.rf.673d4a368d665a602c039b9d4e4c7e7e.jpg,30,30,0
IMG_5182_JPG_jpg.rf.7caab5669718a10fe403c5f0db78fb9e.jpg,30,30,0
IMG_5182_JPG_jpg.rf.a2f19bc83bf93cc69f61cba936ced78a.jpg,30,30,0
IMG_5183_JPG_jpg.rf.a67f8b022639bc7b216779173c38f720.jpg,30,30,0
IMG_5184_JPG_jpg.rf.57c56915bca8a64360f35b873cf63732.jpg,30,30,0
IMG_5185_JPG_jpg.rf.5ce9d5ac2910ff954643a0499e2a87de.jpg,30,30,0
IMG_5186_JPG_jpg.rf.76421a9ed438b5ba7ed5abaa13d995e1.jpg,30,30,0
IMG_5187_JPG_jpg.rf.0b5466b9957d81ca1c85f1ddedc66f1c.jpg,30,30,0
IMG_5187_JPG_jpg.rf.d41c53571ecbeb12f4995816c90a8eff.jpg,30,30,0
IMG_5188_JPG_jpg.rf.6c2324d7197cf33f0b837761b143a5b2.jpg,30,30,0
IMG_5189_JPG_jpg.rf.f0317207376a2540767af8341fd82f8c.jpg,30,30,0
IMG_5190_JPG_jpg.rf.7374efce3fe5cf1040b61a99b335d331.jpg,30,30,0
IMG_5191_JPG_jpg.rf.da5a2bc75badaab0be9ac7b99a090de3.jpg,31,31,0
IMG_5192_JPG_jpg.rf.88b289da73787a719746f040016c197e.jpg,30,30,0
IMG_5195_JPG_jpg.rf.120f1a7cadb88af9af324dcf2246e959.jpg,30,30,0
IMG_5196_JPG_jpg.rf.ad21ff42baba5e5feda8c92b4560d8a6.jpg,30,0,30
IMG_5197_JPG_jpg.rf.018ea9947079604ef59e2daadab380ae.jpg,30,0,30
IMG_5198_JPG_jpg.rf.0257ef8d6bdcd98e2fd1402cd8aa3500.jpg,30,0,30
IMG_5199_JPG_jpg.rf.559665ec4dd9c489830350116375be5c.jpg,30,0,30
IMG_5200_JPG_jpg.rf.70ecf326250df716768e1d5dd39edddf.jpg,30,0,30
IMG_5201_JPG_jpg.rf.709562cea0a4cfda7ef7ba0a15ebb6c8.jpg,30,0,30
IMG_5202_JPG_jpg.rf.945551fbebed04e8b84797a10c81fc2f.jpg,30,0,30
IMG_5203_JPG_jpg.rf.cbd065db2072e22a4c55f88937ad2543.jpg,30,0,30
IMG_5204_JPG_jpg.rf.e63513a481b9eb435b01fe5c1a097a6a.jpg,30,0,30
IMG_5205_JPG_jpg.rf.d6923ccc4967189e41a8337c6b0ada16.jpg,31,0,31
IMG_5206_JPG_jpg.rf.c5f67f9a09d9a45871fa102e81d07106.jpg,30,0,30
IMG_5207_JPG_jpg.rf.2a76841d9e20eaded86327f5280d3814.jpg,30,0,30
IMG_5208_JPG_jpg.rf.8c6f3685ce7c2b8c34deefb7ab81fae0.jpg,30,0,30
IMG_5209_JPG_jpg.rf.e402dc685995d9b8b579b57e9030a090.jpg,30,0,30
IMG_5210_JPG_jpg.rf.758b306e493f6b1df094e44bea0d9ad7.jpg,30,0,30
IMG_5212_JPG_jpg.rf.575d2682be51161f7f6148dd19979b3a.jpg,30,0,30
IMG_5213_JPG_jpg.rf.14f525a6f9dff8e8a9229a788a750cbc.jpg,31,0,31
IMG_5216_JPG_jpg.rf.af315725352317361d43cc367e5220aa.jpg,30,0,30
IMG_5218_JPG_jpg.rf.47dba5417a9466c38a096a05c63b479f.jpg,30,0,30
IMG_5220_JPG_jpg.rf.becc24de9ca9b19a88645b90f4090d3d.jpg,30,0,30
IMG_5224_JPG_jpg.rf.b20f8146aeab375d6433dc70ae3c7e32.jpg,30,0,30
IMG_5228_JPG_jpg.rf.aae4106551c42f5d997ca4692d0f124b.jpg,30,0,30
IMG_5229_JPG_jpg.rf.1e67b9da4b1d1f98bdb1872e0f675c51.jpg,29,0,29
IMG_5230_JPG_jpg.rf.7ced91864d13d8e21e8e9c2fc9bb114e.jpg,30,0,30
IMG_5231_JPG_jpg.rf.5d3e72f39d7c9a2aa20805d53755bc3f.jpg,30,0,30
IMG_5232_JPG_jpg.rf.482f91c7c9c243832643c0b33ecaaa83.jpg,30,0,30
IMG_5233_JPG_jpg.rf.97ddac1e7371d0bec51e9b10008073da.jpg,30,0,30
IMG_5234_JPG_jpg.rf.93b233f493ec519404ae9a92e0fba131.jpg,30,0,30
IMG_5237_JPG_jpg.rf.993b2d042c7fc931841cf7459145df97.jpg,30,0,30
IMG_5243_JPG_jpg.rf.20f78022dc0fc987f4011ba80b3624a8.jpg,31,0,31
IMG_5243_JPG_jpg.rf.a67c44c0e5739c6fc55745a79c1b5377.jpg,31,0,31
IMG_5244_JPG_jpg.rf.1679228adf05da53e29f6174a3cf1011.jpg,30,0,30
IMG_5244_JPG_jpg.rf.5418cb7e0e7286212b374400790b3d5c.jpg,30,0,30
IMG_5245_JPG_jpg.rf.1d1ceaad6d306d3b6d9e42acd40fbeca.jpg,30,0,30
IMG_5245_JPG_jpg.rf.cc7cde73c7b295d439fa31c4dcefad6b.jpg,30,0,30
IMG_5246_JPG_jpg.rf.45db37419962f76857ad41be610f8cb1.jpg,30,0,30
IMG_5247_JPG_jpg.rf.8906d3a4b54ecb565d21d241bae4581d.jpg,30,0,30
IMG_5248_JPG_jpg.rf.a83aa09711231f602235c5100e3f9666.jpg,30,0,30
IMG_5249_JPG_jpg.rf.2677ce3e89d9228cf7b2a28d8aedd798.jpg,30,0,30
IMG_5251_JPG_jpg.rf.f9efbc921fb2d9b646595c8b4315c755.jpg,30,0,30
IMG_5253_JPG_jpg.rf.97fc36715f0b67a77d13292059e189f9.jpg,30,4,26
IMG_5255_JPG_jpg.rf.9d833e47defe7eaaaf233703505538d4.jpg,30,2,28
IMG_5256_JPG_jpg.rf.0bc695485bb0e87f13d73853289cc325.jpg,30,0,30
IMG_5257_JPG_jpg.rf.8808e70d735720d9e15efbb67606fadc.jpg,30,1,29
IMG_5258_JPG_jpg.rf.2dd826f34ca88fb11ebe016599f7cd35.jpg,30,30,0
IMG_5258_JPG_jpg.rf.f122313fb2038937fcf7f593475d69ce.jpg,30,30,0
IMG_5259_JPG_jpg.rf.6b2e0a8137791cd6aae4d7c4d75ff158.jpg,30,30,0
IMG_5259_JPG_jpg.rf.c9c73b88d8fff2763f1d158cff30364f.jpg,30,30,0
IMG_5261_JPG_jpg.rf.22e69f54a7747c75e1a2f5c5d4ed2284.jpg,30,30,0
IMG_5262_JPG_jpg.rf.7fb79e941eaadc81740b7b4c95b372f4.jpg,30,30,0
IMG_5263_JPG_jpg.rf.c88106f55debe2ed2f229f8cb4878698.jpg,30,30,0
IMG_5264_JPG_jpg.rf.d1d4a0f367be684a098a06be5cc830f0.jpg,30,30,0
IMG_5265_JPG_jpg.rf.252233d32452e5ac0a4d75ff657f1ea1.jpg,30,30,0
IMG_5266_JPG_jpg.rf.c2da80992d4056fb6c6c1dbac4b53bde.jpg,30,30,0
IMG_5267_JPG_jpg.rf.2ba80ae39fcab59da653c3aa75955968.jpg,30,30,0
IMG_5268_JPG_jpg.rf.2c52d1c8c5651f91d9ac5c8c5cd0f8bd.jpg,30,30,0
IMG_5270_JPG_jpg.rf.9661bd7d6f454e4faad8356d8f082eda.jpg,30,30,0
IMG_5271_JPG_jpg.rf.97a35e82c068288c8cfcb502fde6d2ad.jpg,30,30,0
IMG_5272_JPG_jpg.rf.3f77ca18d7df719932b7ba96ae212304.jpg,30,30,0
IMG_5274_JPG_jpg.rf.f6ebd2a0cbf803f7d2c6ec13f027dd26.jpg,30,30,0
IMG_5275_JPG_jpg.rf.b715cd4b116e465561c15df09007c4c6.jpg,30,30,0
IMG_5276_JPG_jpg.rf.30d6ba5bf68d2ee2c5290511ea7dd7b1.jpg,30,30,0
IMG_5277_JPG_jpg.rf.af08af5627898780fbad32dfd454f262.jpg,30,30,0
IMG_5278_JPG_jpg.rf.088060d3f30db03728cc2aa173e4a4fa.jpg,30,30,0
IMG_5279_JPG_jpg.rf.f71efbf8ca6629aac0f53b8945ed0e0a.jpg,30,30,0
IMG_5280_JPG_jpg.rf.63a62022ec88bfe8045275f57bc2e03a.jpg,30,30,0
IMG_5280_JPG_jpg.rf.d03fa97b4c45ca1b6332c47a232cd34c.jpg,30,30,0
IMG_5281_JPG_jpg.rf.77d21a2cf48ce6ef474897c1186aa20d.jpg,30,30,0
IMG_5282_JPG_jpg.rf.1143831bf992efadb20f4174087f7cf9.jpg,30,30,0
IMG_5285_JPG_jpg.rf.0386daaa0f519240f9adbd705a2f645b.jpg,30,30,0
IMG_5285_JPG_jpg.rf.b2ff93ba4c58947ef003ee4db26233cc.jpg,30,30,0
IMG_5287_JPG_jpg.rf.1a4aab0ae79827c0984d0a44b4fc4bc7.jpg,30,30,0
IMG_5289_JPG_jpg.rf.eb4a9f6872c480ab4df9aec7efce08d0.jpg,30,0,30
IMG_5290_JPG_jpg.rf.5acfb50dfc45e5d2a8145445a4cd6ca7.jpg,30,0,30
IMG_5291_JPG_jpg.rf.b00b655131b18f977273cd4eb4dca838.jpg,30,0,30
IMG_5292_JPG_jpg.rf.9f9aee5c1794748268f04473e7cef96b.jpg,30,0,30
IMG_5293_JPG_jpg.rf.be7a17da937315291c4f97617c338f42.jpg,30,0,30
IMG_5294_JPG_jpg.rf.40648ce4bcbc0a735c6c2bdf26a33d43.jpg,30,0,30
IMG_5295_JPG_jpg.rf.faab50b498966a3b273c51651684594e.jpg,30,0,30
IMG_5296_JPG_jpg.rf.020bd9df3a1efaa81fb0f02dcf3e04a2.jpg,30,0,30
IMG_5298_JPG_jpg.rf.ac42877e26aefe5f1962d9d5f41ad1b1.jpg,30,0,30
IMG_5299_JPG_jpg.rf.bef4eb8ccf179a40eda1634a2193a1be.jpg,30,0,30
IMG_5300_JPG_jpg.rf.5f3d97920cc8088b3fc4a10be5111655.jpg,30,0,30
IMG_5301_JPG_jpg.rf.51f1def99ae742e9902b8dfe7af9530a.jpg,30,0,30
IMG_5302_JPG_jpg.rf.a4f3523d31eb158c4941f19bba70f04a.jpg,30,0,30
IMG_5308_JPG_jpg.rf.f1921f9d21e6fdaf809e31e20b7724e7.jpg,30,0,30
IMG_5314_JPG_jpg.rf.2d12aca150688e3c0f154e216cf4fe46.jpg,29,0,29
IMG_5320_JPG_jpg.rf.2960351d6da1117598d216ece40d6c39.jpg,30,0,30
IMG_5326_JPG_jpg.rf.ac772f9ac529adffd11ee716f1ce37be.jpg,31,0,31
IMG_5329_JPG_jpg.rf.d844e45fb59671536b875321e8e2717f.jpg,29,0,29
IMG_5332_JPG_jpg.rf.964c7df24070e4fd8d68949dd60645cb.jpg,30,0,30
IMG_5333_JPG_jpg.rf.b9cacfe9a870b7659584cf34c4cca69b.jpg,30,0,30
IMG_5335_JPG_jpg.rf.7c0a986700b22edd3f95d3edca33a919.jpg,30,0,30
IMG_5337_JPG_jpg.rf.91f58e77f710bda988b50a2dc7f69758.jpg,30,0,30
IMG_5340_JPG_jpg.rf.f9edf31bc8e8c08cd528a0618aa1c5e3.jpg,30,0,30
IMG_5341_JPG_jpg.rf.c79e371957e6583b2e35290c68b15777.jpg,30,0,30
IMG_5341_JPG_jpg.rf.fad80c76bbcb5a012d5f66472f555442.jpg,30,0,30
IMG_5343_JPG_jpg.rf.6808a9778daeb7d83023991b4f97ec29.jpg,30,0,30
IMG_5344_JPG_jpg.rf.1812b23424ff22efd4b8a92038bf5100.jpg,30,0,30
IMG_5345_JPG_jpg.rf.24110c8a240727595d0e692cb6e3f544.jpg,30,0,30
IMG_5346_JPG_jpg.rf.b39f78f497d1f6ecdd0abd590a3208d6.jpg,30,0,30
IMG_5348_JPG_jpg.rf.ea236ca7d2d284a01192b80912902b03.jpg,30,1,29
IMG_6093_JPG_jpg.rf.35f5744d42fe605a4c1cdcca9b8e5596.jpg,126,0,126
IMG_6114_JPG_jpg.rf.dc25ffce39900f5c0cf50b7072b71af7.jpg,123,0,123
IMG_6115_JPG_jpg.rf.68030bfb12d63cc3398a77d4c376ae90.jpg,125,0,125
IMG_6168_JPG_jpg.rf.ea9220e35fcb7640e56329baaf86bd57.jpg,60,60,0
IMG_6169_JPG_jpg.rf.ac57172bd42319d89a20d75d65254621.jpg,60,60,0
IMG_6170_JPG_jpg.rf.11c02688efef2b6e1577597f27b8a87b.jpg,60,0,60
IMG_6172_JPG_jpg.rf.e1c27715ed4e06e8cdec13ce4e60ccbe.jpg,62,0,62
IMG_6173_JPG_jpg.rf.ef469716dd6b9d0e8c4ce5b31bc7ff3c.jpg,62,0,62
IMG_6174_JPG_jpg.rf.c2548064dbf4004b3bc754498b4ee1bb.jpg,61,0,61
IMG_6175_JPG_jpg.rf.1c0615c91f5d201bda3d7899ee393899.jpg,62,0,62
IMG_6176_JPG_jpg.rf.27460bbdb80b9a62a0b21db5314785cf.jpg,60,0,60
IMG_6177_JPG_jpg.rf.f6952dc39ccebf2c217490ee1fbb66ac.jpg,60,0,60
IMG_6179_JPG_jpg.rf.9e73c46dc3241da39825b92de90f3235.jpg,60,0,60
IMG_6180_JPG_jpg.rf.e1fa8630237482ba0214cf12bdee5b4a.jpg,60,0,60
IMG_6181_JPG_jpg.rf.209ccdacbd36f022abcaab8d15af26d3.jpg,65,0,65
IMG_6182_JPG_jpg.rf.110cd0806253cc1bbce9a30dd4028177.jpg,61,0,61
IMG_6185_JPG_jpg.rf.3db1d132f3770aed82ccf6c294474689.jpg,60,60,0
IMG_6187_JPG_jpg.rf.c3ce706cea80e95b5e96a27df410f939.jpg,60,0,60
IMG_6188_JPG_jpg.rf.c7fbb1451e0a6cbb2fc655ea4213c73e.jpg,61,0,61
IMG_6189_JPG_jpg.rf.5b350170852db2f1fadd3e22e5d46cca.jpg,62,0,62
IMG_6190_JPG_jpg.rf.44e877c327afb9771501bc4fb4822527.jpg,62,0,62
IMG_6191_JPG_jpg.rf.0540c5157aef3c2eeb12d0b49c5e9dae.jpg,61,0,61
IMG_6192_JPG_jpg.rf.537aa6c2b6eb587edf333eb646f5cc2b.jpg,61,0,61
IMG_6195_JPG_jpg.rf.7d71f2821067faf0a48733d14f177c80.jpg,60,0,60
IMG_6201_JPG_jpg.rf.5d945cffca399fb1b3dd9b804dbed422.jpg,62,0,62
IMG_6203_JPG_jpg.rf.9cd894531e134880fbf02e97007f7d48.jpg,59,0,59
IMG_6207_JPG_jpg.rf.4a78069cadf6636dcbd33494d6c43674.jpg,30,30,0
IMG_6208_JPG_jpg.rf.54eca75900fd0f86c6edfeac4fc8bcc8.jpg,30,30,0
IMG_6209_JPG_jpg.rf.6920d2af3a0c88f6898487e1313fb52e.jpg,30,0,30
IMG_6210_JPG_jpg.rf.10f34e21786249f45f86e3ad716ef94c.jpg,30,0,30
IMG_6213_JPG_jpg.rf.1ce5422c5523ffae4395dbd6d1e23e9c.jpg,30,0,30
IMG_6214_JPG_jpg.rf.7af5289493a231e6def6e07804c79fea.jpg,30,0,30
IMG_6215_JPG_jpg.rf.397e8ace53dd59fb922148bcf162b82a.jpg,30,0,30
IMG_6216_JPG_jpg.rf.52e2cba4238976f0d3d4bf7a386b4e7b.jpg,31,0,31
IMG_6218_JPG_jpg.rf.e59e4765682d3730eaf670edb480139c.jpg,30,0,30
IMG_6220_JPG_jpg.rf.5d4c3ff2d97d1cd1eb71c8eba5da3fcf.jpg,34,0,34
IMG_6221_JPG_jpg.rf.eb364527c8ddf7d607aa1d0657069eaf.jpg,31,0,31
IMG_6222_JPG_jpg.rf.27a6b8799f5d2cfaf7fd1f5c90ca34ae.jpg,31,0,31
IMG_6516-JPG_jpg.rf.56f8e8973f1e8209444aae7eb4f52e94.jpg,176,117,59
IMG_6517-JPG_jpg.rf.28a61011eae8e0272ca46e4ad3766bd0.jpg,187,133,54
IMG_6518-JPG_jpg.rf.52aa9359376726129ed30b6392c06710.jpg,177,116,61
IMG_6524-JPG_jpg.rf.5c3ba6424928e56b32c0db954fae8723.jpg,186,130,56
IMG_6526-JPG_jpg.rf.526c5050430b1ec71c9ac2f080fef7a3.jpg,176,123,53
IMG_6530-JPG_jpg.rf.7f498417c739a81c843415881b3aed73.jpg,185,120,65
IMG_6531-JPG_jpg.rf.d85f9b6c1ccf0aa1d030b60500d16d89.jpg,178,112,66
IMG_6532-JPG_jpg.rf.3155f0a13b591c0fdd9b0d0844fcd799.jpg,175,115,60
IMG_6534-JPG_jpg.rf.296745a8365b5fab93c897d1a2f8e5dd.jpg,181,122,59
IMG_6535-JPG_jpg.rf.339cd01046ff1884712d4d7e7ad876ff.jpg,178,122,56
IMG_6536-JPG_jpg.rf.f05e32677afdec404bcb6386a7504dd7.jpg,187,121,66
IMG_6537-JPG_jpg.rf.3c1dcf164c8719ed2e820293af8d89c4.jpg,178,115,63
IMG_6542-JPG_jpg.rf.aadcf17bfa64ee832da07fc5b6cf19b3.jpg,185,120,65
IMG_6543-JPG_jpg.rf.d290702dc6f87f156b092cac81a5af26.jpg,179,110,69
IMG_6547-JPG_jpg.rf.d40ea7440b166ed4b76e84b4676a4519.jpg,177,110,67
IMG_6548-JPG_jpg.rf.89f0c2389c9154726136ab20fbf68523.jpg,186,128,58
IMG_6549-JPG_jpg.rf.626bc06c547b230492440378257b75e4.jpg,178,115,63
S20211220_0001_jpg.rf.4d19b69370e06750bc5802de7a17a87c.jpg,2,0,2
S20211220_0004_jpg.rf.890a19157d6b5a112dab2cf9a9e62a6c.jpg,2,0,2
S20211220_0005_jpg.rf.33349d482a9129ffd959695e905f3121.jpg,2,0,2
S20211220_0006_jpg.rf.bbc0482b6b0de5f8f7b68eb96115b27e.jpg,2,0,2
S20211220_0007_jpg.rf.5b32c0969f2e9b8e3e0b364348d38320.jpg,2,0,2
S20211220_0010_jpg.rf.75ab20d725d7c0b1839eb0be47929c20.jpg,2,0,2
S20211220_0016_jpg.rf.f6b73bf0aef432b17ccde8900f2a26dd.jpg,2,0,2
S20211220_0017_jpg.rf.2abfac299c04b2290f16bb536d99a200.jpg,2,0,2
S20211220_0019_jpg.rf.ba7c24d6e0c46660944924174946ef7e.jpg,2,0,2
S20211220_0024_jpg.rf.562d8a9b65856c285f00093f34bd40d3.jpg,2,0,2
S20211220_0025_jpg.rf.27e7c4bd94a1004c969a1cf10460fc20.jpg,2,0,2
S20211220_0027_jpg.rf.f3eb8f90255e25dbac9f62fe52e3c75e.jpg,1,0,1
S20211220_0029_jpg.rf.636714dab30467108c51d4ebb49045d0.jpg,2,0,2
S20211220_0030_jpg.rf.377890a0f2f76b89507d9952263be2c0.jpg,2,0,2
S20211220_0033_jpg.rf.d085c5842b87cec94104eaf7431a4503.jpg,1,0,1
S20211220_0034_jpg.rf.eeae515761189d6366658966375930d1.jpg,1,0,1
S20211220_0036_jpg.rf.c7f9dcf7cf79aea15aac11fe28097019.jpg,2,0,2
S20211220_0037_jpg.rf.c7a00186e04b1ec5bc73ecb93c4cf047.jpg,2,0,2
S20211220_0039_jpg.rf.33a16e85470c597469686dbc677a3b9d.jpg,2,0,2
S20211220_0040_jpg.rf.a83687aa88de5d50fef3cd46ac2e879c.jpg,2,0,2
S20211220_0041_jpg.rf.9d322408d91e6cb1b049dabc1fbd2ca0.jpg,2,0,2
S20211220_0043_jpg.rf.b1aae18c46cb2f25007e5cf2ddb319ca.jpg,2,0,2
S20211220_0044_jpg.rf.fc27cd67f1765148a0a315ad6e33f1c2.jpg,2,0,2
S20211220_0046_jpg.rf.157fc189f2a82e0dd1df55b799acb98d.jpg,2,0,2
S20211220_0047_jpg.rf.0c0459b496e74400e28465a53c16798c.jpg,2,0,2
S20211220_0051_jpg.rf.79c4d3b2c52de762e04c57f72deacff2.jpg,2,0,2
S20211220_0052_jpg.rf.f1c8442e6d9044f00346f538a02bf61c.jpg,2,0,2
S20211220_0056_jpg.rf.7d22d313130e4b79d3534dc89bfffd47.jpg,1,0,1
S20211220_0057_jpg.rf.73d2cc9d1571903a47422050f12cbb23.jpg,1,0,1
S20211220_0058_jpg.rf.43479cd99b919dac380db752e7659ce8.jpg,2,0,2
S20211220_0062_jpg.rf.17ef9378e9b8c225298d8f72728c3200.jpg,2,0,2
S20211220_0064_jpg.rf.d4115dfb246c17ff53e6d81f8bc85816.jpg,2,0,2
S20211220_0065_jpg.rf.a55b81da3a9ed39fb890fdc7f8a22432.jpg,2,0,2
S20211220_0067_jpg.rf.90275c1f78452725feba96ce982eb1d7.jpg,2,0,2
S20211220_0068_jpg.rf.57bef4020e400864066424ab072395d6.jpg,2,0,2
S20211220_0069_jpg.rf.604ed46445f7e36b966c5ae61a1c1cc1.jpg,2,0,2
S20211220_0071_jpg.rf.5f1209e99bfa9a9821eaa124520f0883.jpg,2,0,2
S20211220_0072_jpg.rf.97f35b3e6f920c779d536cc01b7c5a77.jpg,2,0,2
S20211220_0073_jpg.rf.b7e462ac75b948f613237bf179d92fce.jpg,2,0,2
S20211220_0074_jpg.rf.b7f533cae646ca6e7f3d543eb3e75d23.jpg,1,0,1
S20211220_0076_jpg.rf.ba3431bbc82095a2ed409de7cba8e744.jpg,2,0,2
a_jpg.rf.450d8cfcfb5b16a2c3aa2bb536de0036.jpg,18,18,0
a_jpg.rf.e800064e6d31e69f5657162d5ecb01c6.jpg,7,7,0
d_jpg.rf.b077b3efbd3b770c1f977c641dcf3c6e.jpg,8,8,0
dal-12_jpg.rf.888edac288b68a20fc36f884e99dd4df.jpg,40,0,40
dal-22_jpg.rf.7ffb4084afe471cad01c91c6cc8245c7.jpg,32,0,32
dal-23_jpg.rf.73c26408c8fdddd41b0682c750ab85d3.jpg,32,0,32
dal-24_jpg.rf.cad44482438f01d3b32bda8d52b820ce.jpg,32,0,32
dal-34_jpg.rf.7bcbf780fecf1ae2ef6d7ade1a81c7dd.jpg,31,0,31
dal-3_jpg.rf.9c684a8881b2a0c1145549f274406e85.jpg,31,0,31
dal-43_jpg.rf.cc7324d26ddf369855f36d4c7da593f3.jpg,34,0,34
dal-44_jpg.rf.49796602fa5f4affa89b7da68d3c1eae.jpg,34,0,34
dal-4_jpg.rf.3ed349e9863814b6937a033b697e4c99.jpg,34,0,34
e_jpg.rf.e1674c1f02090560c94cd89e3b9da44f.jpg,24,17,7
fusarium-10_jpg.rf.c8cf8d9a404f09d3cc3a255373552868.jpg,31,31,0
fusarium-12_jpg.rf.f0f1e1e4e2904e8c5915a8d4b9fa7d0e.jpg,31,30,1
fusarium-14_jpg.rf.4ea8c7688e56331b5f0d8535ccee98cb.jpg,47,46,1
fusarium-16_jpg.rf.ad12b78f18c56a6235a1f062d759828c.jpg,47,46,1
fusarium-17_jpg.rf.eac8b4fb44d6415eb3524ac16508defe.jpg,45,44,1
fusarium-18_jpg.rf.0f1aa195bab1646c5732ab08813a9d29.jpg,45,44,1
fusarium-19_jpg.rf.3c8d2b0a9d96e77b414ecaf14081cf38.jpg,45,44,1
fusarium-20_jpg.rf.14376611afec4ce6c601fd47edc8a8f1.jpg,45,44,1
fusarium-21_jpg.rf.7176718fa1938a12d3985ce0edffe44e.jpg,47,46,1
fusarium-23_jpg.rf.4a08644bff19d367920ceaf44f7938b9.jpg,47,42,5
fusarium-24_jpg.rf.8abb9478237bacb35fe5fcb4ba9cb544.jpg,47,42,5
fusarium-25_jpg.rf.963926dba1a509e16d56c2031e2c6bed.jpg,38,38,0
fusarium-26_jpg.rf.2c76ad88ffc01dc61be5e3901a23dc45.jpg,39,37,2
fusarium-27_jpg.rf.854aa6421a538e0249364fa9e18694c0.jpg,39,37,2
fusarium-29_jpg.rf.1508ffc7f8b72e9627ff082692fede9a.jpg,41,41,0
fusarium-32_jpg.rf.83f34bbe3842b2361c8e2a13ff62bfcb.jpg,41,41,0
fusarium-33_jpg.rf.377d9cdd3d1991eca8a4ebb9f7c7afd3.jpg,28,28,0
fusarium-34_jpg.rf.26998c5c07183b41310a65ce4fa193e4.jpg,28,28,0
fusarium-35_jpg.rf.9ac5b8ed85986c1903da28c969260e0c.jpg,28,28,0
fusarium-36_jpg.rf.9962b7a8d7176d4baf989a3a7495b8eb.jpg,28,28,0
fusarium-37_jpg.rf.465ca46a5935c0d4a53837ab42916e7c.jpg,33,33,0
fusarium-38_jpg.rf.6cac5cc833f9686cc8ba856af2c64771.jpg,33,32,1
fusarium-4_jpg.rf.8dda3190adbb8eabf9d817646104345b.jpg,66,64,2
fusarium-5_jpg.rf.9d283fe8b89902ce3a176fe831e5a9b5.jpg,52,52,0
fusarium-6_jpg.rf.7b668a16691c0f806a69485a262159a9.jpg,52,52,0
fusarium-7_jpg.rf.cf522c1d0be7a19b1c33ff7f2c81458c.jpg,53,53,0
fusarium-8_jpg.rf.264b2b41e5c0cfd79094a26e0295aedb.jpg,51,51,0
fusarium10_jpg.rf.c1d9b57128a7189f2e1d341777add378.jpg,22,22,0
fusarium13_jpg.rf.450de5c2e0570a0846077f73cb70d437.jpg,30,30,0
fusarium14_jpg.rf.13edd12e9e5b0d2e0762f97a50602fe0.jpg,30,30,0
fusarium15_jpg.rf.693ce492c60b93225ff655e1a4792755.jpg,30,30,0
fusarium16_jpg.rf.f4062086f96016818ef17e5d717897d5.jpg,30,30,0
fusarium17_jpg.rf.eaef7217d99ded46366e9be528a9fcc2.jpg,52,52,0
fusarium18_jpg.rf.bd056935c3beb51c0cd2c86a6ba3c6f2.jpg,51,51,0
fusarium19_jpg.rf.84b936bc709e9847168dca3fe0c1fce5.jpg,51,51,0
fusarium1_jpg.rf.6449ec861e4da4c6819d185e22aaa3e5.jpg,18,17,1
fusarium20_jpg.rf.d20cba86a9248c1376bfd481c117b628.jpg,51,51,0
fusarium4_jpg.rf.4c222ced86ba89565ad16c7c5d4f8d2b.jpg,18,18,0
fusarium6_jpg.rf.0964d4d2be4632f0e646bcd8d777da2a.jpg,16,16,0
fusarium9_jpg.rf.268d4b4b3416fd834972c531e8d64b31.jpg,22,22,0
h_jpeg.rf.dcc7522817309caa894f93c984f3cd0b.jpg,13,4,9
healthy-11_jpg.rf.08c1e4f4cbc0592cc56e4568df53539d.jpg,40,0,40
healthy-12_jpg.rf.c5c9f770e535a12a92be4d9c48bec96d.jpg,40,0,40
healthy-13_jpg.rf.34ff87c68a9ad959e2b5b8ed3258501f.jpg,31,0,31
healthy-14_jpg.rf.39c2ae1709fca6047945bd5f33ff8c63.jpg,31,0,31
healthy-15_jpg.rf.aa4cdb5772de1473c1f7dd9061d390ce.jpg,31,0,31
healthy-17_jpg.rf.7d52cdd00af8d843ce73f1b6fa7ab051.jpg,18,0,18
healthy-18_jpg.rf.ab1f0238ec68a1491ed3a5fe56968f42.jpg,18,0,18
healthy-19_jpg.rf.0bd18889a8dbc6c692f70ef6807b8699.jpg,18,0,18
healthy-1_jpg.rf.f188a78d20566c8da6a931b2d532c436.jpg,42,0,42
healthy-21_jpg.rf.5c76a7f5f460bebead7d9cf4b174cc01.jpg,26,0,26
healthy-22_jpg.rf.a003d8e9449c7f0313c19ee8ac13368c.jpg,26,0,26
healthy-23_jpg.rf.8931ab107ba552f1ca9ccd7f2b81a81c.jpg,26,0,26
healthy-24_jpg.rf.1f3a05efc171f5843b25018c2fb9c7c1.jpg,26,0,26
healthy-25_jpg.rf.c90424fefeba263f6032c43f9ad1093d.jpg,34,0,34
healthy-26_jpg.rf.dc66041b85a8852fe9cca02c735f0d3d.jpg,34,0,34
healthy-28_jpg.rf.2c97c348aa6f764e1de55a4821a653a4.jpg,34,0,34
healthy-2_jpg.rf.9561113ca3826c60631acb470889ed68.jpg,42,0,42
healthy-30_jpg.rf.3da4f681fe58dab799c5a55b3ba7b6ca.jpg,44,0,44
healthy-32_jpg.rf.70c448a8a93e32b9f0497f2f90dc8487.jpg,44,0,44
healthy-34_jpg.rf.ac13b07b3b34203891e17f8512154339.jpg,38,0,38
healthy-35_jpg.rf.68a6dacafb92c10107652db678886743.jpg,38,0,38
healthy-36_jpg.rf.c6e72a8a1446a847ae1de7ca7443f980.jpg,38,0,38
healthy-37_jpg.rf.c797cbccc3b11c7bbdbc41ece0dc4458.jpg,43,0,43
healthy-38_jpg.rf.a0e77ecc58187cbe5cb048a5a89bc6f1.jpg,43,0,43
healthy-39_jpg.rf.4ccc5f699ad0b04d72f9e70fbbd23228.jpg,43,0,43
healthy-3_jpg.rf.b85cc397feda10bf6152a6e32ebce6bd.jpg,41,0,41
healthy-40_jpg.rf.cf35eac9f807741cf2531da5d55b1fb9.jpg,43,0,43
healthy-4_jpg.rf.c167958b7de33a5ef2d6b67bfb6ea44f.jpg,42,0,42
healthy-5_jpg.rf.bd080c7f6fb765bc8d91758980d55a23.jpg,43,0,43
healthy-6_jpg.rf.ab4ac1fc620805d61e98694bf3364993.jpg,43,0,43
healthy-7_jpg.rf.264ddc3a6a26dd89f88bb720484b1070.jpg,43,0,43
healthy-8_jpg.rf.e4ac591f82a65d8e6cf5024ea3d1e65f.jpg,43,0,43
healthy-9_jpg.rf.934b454646fc8aa6818dc8513e535028.jpg,39,0,39
healthy12_jpg.rf.c9bcbc78b3366fa0f9c8f3dacc04c41a.jpg,44,0,44
healthy13_jpg.rf.ba5297921e815490f5236dfd55d56e87.jpg,41,0,41
healthy15_jpg.rf.e56405adc4ee0324dde35ba11de18b48.jpg,42,0,42
healthy16_jpg.rf.d92e028d5421c0c4ff4cdbfaccc5bd57.jpg,41,0,41
healthy2_jpg.rf.b4859c4bc4ccc7ec4d7191c904d100bd.jpg,46,0,46
healthy3_jpg.rf.6ba06fa8a4409908c8ce65d47f7ec85f.jpg,46,0,46
healthy4_jpg.rf.7d4b84307c84b47b04e76555a852814d.jpg,45,0,45
healthy5_jpg.rf.535dd1cfc135f2dc737ba475156cecff.jpg,49,0,49
healthy6_jpg.rf.02f7acb7d3640e2b485fe1bf4f1a6058.jpg,49,0,49
healthy7_jpg.rf.68af7041d1b0d24f40e3426ffc28e42b.jpg,50,0,50
healthy8_jpg.rf.39387c4ca89312602ef21161c1f18d77.jpg,51,0,51
i_jpeg.rf.f9b71b327fabfda4139bd3d3c4efe892.jpg,14,14,0
in_20220422-115307117137_jpg.rf.257fa67f28f227035f2b4f8f52c48628.jpg,40,0,40
in_20220422-124906236858_jpg.rf.eef33ed2a9e7f2bd8a149d9e932090eb.jpg,30,0,30
in_20220422-125039770087_jpg.rf.3c5c8ba4e9e0620d512ebead09d9e4c1.jpg,26,0,26
in_20220422-125255320054_jpg.rf.e5c8f6d07d175ffd2a554750d982a50b.jpg,26,0,26
in_20220422-125305714143_jpg.rf.a574adae55cbc7c0bb01932d98c32000.jpg,26,0,26
in_20220425-045549907349_jpg.rf.7a057e6a7d96ab6d1ac5c9c58f925055.jpg,31,0,31
in_20220425-045649314565_jpg.rf.49fcff00157103464ee3e7e9c7766f10.jpg,31,0,31
in_20220425-045745128284_jpg.rf.f79d8ea2483ef7758963715c5bee58fb.jpg,30,0,30
in_20220425-045958618484_jpg.rf.13e809fb6c24bf6edf21ef3bff4a6d33.jpg,14,0,14
in_20220425-050555435035_jpg.rf.e91352441d6a4a65b2356d0e86e95eb4.jpg,27,0,27
in_20220425-051727491476_jpg.rf.abdf2542b8be11a550d43db3c2cfbbe3.jpg,35,0,35
in_20220425-051916774014_jpg.rf.5cf5752d9d92a579c3efa72da0c9839e.jpg,40,0,40
in_20220425-051953807312_jpg.rf.8fdb7bda5d4667b43f132c9fda8c6784.jpg,40,0,40
in_20220425-052929308139_jpg.rf.6d8ceceb2feb308e7ddb9285a01ba5ae.jpg,13,0,13
in_20220425-053103814675_jpg.rf.8d0c009b4599dcf5f6f7e82ed3ee04ce.jpg,18,0,18
in_20220425-053114663236_jpg.rf.c3e353b8ea21131e88e509c9322682e2.jpg,18,0,18
in_20220425-054122199446_jpg.rf.6abd112c56f5b7723d825171de56907d.jpg,33,0,33
in_20220425-054153138901_jpg.rf.2a031af96d7cc19ac50f2dd6a07c98d2.jpg,33,0,33
in_20220425-054355004111_jpg.rf.211743806dd30fc51f037216e01bf072.jpg,43,0,43
in_20220425-061956612332_jpg.rf.5a1735bc4fca005d1e89cc48e26275b9.jpg,28,28,0
in_20220425-063451291120_jpg.rf.9bb9aad42fd8838d813def542b2c6f7e.jpg,20,0,20
in_20220425-064657638940_jpg.rf.0974cd0a3555c50c2fde05f89f8d777b.jpg,29,0,29
in_20220425-064717682322_jpg.rf.d0c957211ed5861ef371211436ae85ba.jpg,29,0,29
in_20220425-065845016374_jpg.rf.00bab253ff65a15b24d12edb0528a468.jpg,34,0,34
in_20220425-070039332065_jpg.rf.f339a8a297a3b15a768ff87fed73fda0.jpg,27,27,0
in_20220425-070049191028_jpg.rf.e06fd909bdd3f4beb433f1897da9dd31.jpg,30,0,30
in_20220425-070116641352_jpg.rf.b83d84c46fc086f9379e5962787064a7.jpg,26,26,0
in_20220425-070202936575_jpg.rf.e551a947435a931b3e1ff187a08a1c1c.jpg,30,0,30
in_20220425-070336698741_jpg.rf.f44ca52e7fd457e37fd62b585a2541bf.jpg,12,12,0
in_20220425-072252046783_jpg.rf.e674cc0978900c0a734b40b514603d7c.jpg,15,0,15
in_20220425-072313751048_jpg.rf.19427134a42e84874fe9a326d5a6945e.jpg,15,0,15
in_20220425-072406155969_jpg.rf.94d8a9566e25b3167fb221a7f49302e0.jpg,24,0,24
in_20220425-072604448023_jpg.rf.d52958b0cf0d4289360cca5c520c4e9e.jpg,37,0,37
in_20220425-072738120596_jpg.rf.9a717cbf978242bb48abd9a955497c0a.jpg,27,0,27
in_20220426-073530653130_jpg.rf.fa68b182b25d89907ea5110b5cda10c7.jpg,27,27,0
in_20220426-073703895736_jpg.rf.37abf3aa5dcdbd439b345daaa0c07191.jpg,27,27,0
in_20220426-073931559389_jpg.rf.63caadb131d2a591782d1f9a91a45ede.jpg,26,26,0
in_20220426-074156605284_jpg.rf.f5d62b7dabc70aaee306814713df970b.jpg,26,26,0
in_20220426-074249303027_jpg.rf.dc388d23b0c3a88b2c09957916d7933a.jpg,27,27,0
in_20220426-074436962889_jpg.rf.8298be2bc53857c8681729c96db2bfc4.jpg,17,17,0
in_20220426-074554297516_jpg.rf.7373bc5da36fa004b25908a5309b350d.jpg,12,12,0
in_20220426-074717191244_jpg.rf.5a8adaad66de17f1aa3e9464983331f9.jpg,20,20,0
in_20220426-074929102728_jpg.rf.b5fff783be7d54afbe84f5f9dad34837.jpg,20,20,0
in_20220426-075030502939_jpg.rf.a6af804cc6dd3ab48f108b91475dfbc8.jpg,20,20,0
in_20220426-090859511451_jpg.rf.6406d4699cf08c94c5eb53a687b21553.jpg,31,0,31
in_20220426-090955186970_jpg.rf.ce20b80d576d1a6776714a26042a635d.jpg,30,0,30
in_20220426-091219308679_jpg.rf.5f979d04a61aa492c4e62540b9a536c3.jpg,26,0,26
in_20220426-091232261712_jpg.rf.75d63a5c877c25c332e4534be035c223.jpg,32,0,32
in_20220426-091259052897_jpg.rf.686d8810d6bbf874cc21b1ce5fbd07ee.jpg,33,0,33
in_20220426-091355940068_jpg.rf.e9e090206d36039689bfe0750853119a.jpg,29,0,29
in_20220426-091420105082_jpg.rf.95749ec05ed51947577e7f9b1ab3040b.jpg,34,0,34
in_20220426-091543060435_jpg.rf.86b83296c166df877a25f73556fb8b91.jpg,30,0,30
in_20220426-091554897650_jpg.rf.a2b33699a2d7a919d4ced93661467717.jpg,27,0,27
in_20220426-091609151029_jpg.rf.3f66999d04fd4f57576b0247eb824898.jpg,27,0,27
in_20220426-091704249420_jpg.rf.65db01db05d59a1f03499e279b337cec.jpg,31,0,31
in_20220426-091757028081_jpg.rf.e2d126377affa2ec314dc1ec1bc20067.jpg,26,0,26
in_20220426-102250136222_jpg.rf.2c7366e992d86eecd65749cb39328c73.jpg,32,0,32
in_20220426-102651844401_jpg.rf.b65db80ca224504b50944939ad4b5f2f.jpg,27,0,27
in_20220426-102716776019_jpg.rf.d6038d668679a5e5d1ce7f311acdfe1a.jpg,27,0,27
in_20220426-102746559434_jpg.rf.5809d2219fd83be8ec9b0adc85ad830d.jpg,30,0,30
in_20220426-102925236470_jpg.rf.77a549bff1f3aa59fc0b203c228b0cdd.jpg,29,0,29
in_20220426-103028630489_jpg.rf.138f7df06b3e002a36f84948ac5dd3bd.jpg,31,0,31
in_20220426-103052396933_jpg.rf.524286a150455afb138b6a7bf8d24816.jpg,31,0,31
in_20220426-103213744214_jpg.rf.834d0fa4f058385cb30f1d75f1220f04.jpg,34,0,34
in_20220426-103232263814_jpg.rf.154a09ab06294560dfe3a3da45782600.jpg,37,0,37
in_20220426-103243344783_jpg.rf.90045d78f3fe5caefcfc45b19090af4a.jpg,37,0,37
in_20220426-103336968137_jpg.rf.86a1c1e1ffbd24dd3786bc6f0782cdc7.jpg,30,0,30
in_20220426-103453528187_jpg.rf.0feac6915fa83ccde100095873988118.jpg,32,0,32
in_20220426-104244992482_jpg.rf.aa1fdff5a01fe953dc1bef377f838f5f.jpg,33,0,33
in_20220426-122716598324_jpg.rf.6961d7763c90ca72788ea7d99dee4e30.jpg,20,0,20
in_20220426-122815711294_jpg.rf.38b87a8ccfec3ade0a4014210bb82313.jpg,16,0,16
in_20220426-124356805148_jpg.rf.8aadec1205f26722016c78064340b022.jpg,49,0,49
in_20220426-124422242317_jpg.rf.f3d2537ea78efb74c4033a029f3cf925.jpg,46,0,46
in_20220426-124444267623_jpg.rf.e239ec8d82a191ec99ff835ddc25b055.jpg,37,0,37
in_20220427-060924760032_jpg.rf.949e13cf3c3d3804c4b53cce5e995635.jpg,33,0,33
in_20220427-060943957963_jpg.rf.08acab0848708683c4387ef5e941d716.jpg,30,0,30
in_20220427-061004375698_jpg.rf.49a90b1306873daee7ffaf7255d99ab1.jpg,35,0,35
in_20220427-081914176137_jpg.rf.3581edbd9f6a22babd3438a2b2c67cec.jpg,11,11,0
in_20220427-082031425989_jpg.rf.df5f15b6e6b5af8a86b176077129a46f.jpg,20,20,0
in_20220427-082112796695_jpg.rf.f7cf18a1f5fa7d8196cbe57f75a3bec3.jpg,20,20,0
in_20220427-082117665111_jpg.rf.bf58cf5d5777b0fb006d38c3e2d8885b.jpg,20,20,0
in_20220427-084641974675_jpg.rf.390b6c3674eb4d42e5ae2e682d7e21c4.jpg,26,0,26
in_20220427-084657268727_jpg.rf.0ed921c85bbbe64401aaae9ca71f66b8.jpg,26,0,26
in_20220427-084721225745_jpg.rf.151830fc05bd014b1f9142a2f20f5fbd.jpg,28,0,28
in_20220427-084748879646_jpg.rf.0f040b8bc75c972ee654233c0bb6de86.jpg,31,0,31
in_20220427-084800027497_jpg.rf.9ad0fa41dd4b93e3df8d48990ee031e2.jpg,33,0,33
in_20220427-084805354897_jpg.rf.7909ad6d70c06fe8a45f8ca4efe06afd.jpg,33,0,33
in_20220516-093248400198_jpg.rf.3e98d39ed4a66215b4d630df7dcc1092.jpg,51,0,51
in_20220516-152119883510_jpg.rf.f6eede6970097ac29fce6335b6e7409f.jpg,48,0,48
in_20220516-152128043427_jpg.rf.51c2651b4c3037fb3e7541b225752e64.jpg,51,0,51
in_20220516-152151677447_jpg.rf.f0d658bd7bec03c3224994cc47ac384b.jpg,50,0,50
in_20220516-152740303521_jpg.rf.af1be6baef9d93b7ff6597830ac6e6f8.jpg,50,0,50
j_jpg.rf.86f3fd14ff3d20a2238e9742390f8961.jpg,4,3,1
l_jpg.rf.0d3a4711a1fb0becdc70100e40fced58.jpg,3,0,3
m_jpeg.rf.f0cb3efc3c184d585dbbc057639d1c0b.jpg,6,6,0
p_jpeg.rf.54f116592dd784fb53421753eb42e672.jpg,1,0,1
pulses-12_jpg.rf.115da37c84ebaa5a33a1ce3420e9583a.jpg,29,0,29
pulses-13_jpg.rf.1dd759b71a745342919488c3ad113321.jpg,29,0,29
pulses-1_jpg.rf.2a4f8b9ab462244cac9d9c8e7b207894.jpg,29,0,29
pulses-22_jpg.rf.01d8dcc0ca01fbb17cde4db7663bbed3.jpg,30,0,30
pulses-23_jpg.rf.68f96be6f20c9438b29c2510c47e6af4.jpg,30,0,30
pulses-2_jpg.rf.10830757ae27551e85034c181af9d8db.jpg,30,0,30
pulses-33_jpg.rf.2ba3451b26a5fb3a832cbe92cce9e2e9.jpg,34,0,34
pulses-3_jpg.rf.84003f6008693b6a463addbf42f6a8ed.jpg,34,0,34
pulses-43_jpg.rf.bcfe26b1180fd0e7b9db9069734f9c28.jpg,34,0,34
pulses-44_jpg.rf.845692fec67a8187fc8f1c6588d80bbd.jpg,34,0,34
pulses-4_jpg.rf.97c219571253d7a1cf10e39d33f1fa85.jpg,34,0,34
,1,0,1
